아이스	NNG
아메리카노	NNG
하나	NNG
테이크아웃	NNG
텀블러	NNG
할인	NNG
300원	NNG
그란데	NNG
사이즈	NNG
적립카드	NNG
쿠폰	NNG
결제	NNG
현금영수증	NNG
대기	NNG
카푸치노	NNG
주문	NNG
시럽	NNG
얼마나	NNG
3번	NNG
위	NNG
크림	NNG
이벤트	NNG
커피	NNG
2000원	NNG
추가	NNG
브레드	NNG
도장	NNG
기프티콘	NNG
사용	NNG
가능	NNG
키프티콘	NNG
자바칩	NNG
프라푸치노	NNG
휘핑	NNG
6600원	NNG
번호	NNG
입력	NNG
한	NNG
잔	NNG
라떼	NNG
중간	NNG
테이크	NNG
아웃	NNG
카운터	NNG
스콘	NNG
3개	NNG
개인컵	NNG
음료	NNG
빵	NNG
추천	NNG
호두	NNG
베이글	NNG
모바일	NNG
화장실	NNG
오른쪽	NNG
벽	NNG
제일	NNG
라이트	NNG
맛	NNG
가게	NNG
마스코트	NNG
메뉴	NNG
카페라떼	NNG
10개	NNG
자리	NNG
톨	NNG
멤버십	NNG
3600원	NNG
진동밸	NNG
주문번호	NNG
와이파이	NNG
비밀번호	NNG
영수증	NNG
하단	NNG
계절메뉴	NNG
배달	NNG
배달비	NNG
3000원	NNG
콘센트	NNG
샷	NNG
밀크티	NNG
우유	NNG
분말	NNG
홍차	NNG
종류	NNG
루이보스	NNG
알쌈	NNG
두	NNG
개	NNG
값	NNG
취소	NNG
무료	NNG
2명	NNG
창가	NNG
따뜻한	NNG
물	NNG
2500원	NNG
사이즈업	NNG
뜨거운	NNG
빅	NNG
스몰	NNG
5분	NNG
얼마	NNG
14500원	NNG
조각	NNG
케이크	NNG
500원	NNG
치즈케이크	NNG
삼성페이	NNG
디카페인	NNG
기본	NNG
2종류	NNG
카카오	NNG
페이	NNG
포인트	NNG
적립	NNG
양	NNG
숏	NNG
콰테말라	NNG
페퍼민트	NNG
티	NNG
판매	NNG
머핀	NNG
블루베리	NNG
현금	NNG
둘	NNG
환경정책	NNG
머그잔	NNG
8000원	NNG
아아	NNG
10분	NNG
내	NNG
아이리시	NNG
캐리어	NNG
2개	NNG
이상	NNG
실내	NNG
일회용	NNG
현재	NNG
법적	NNG
금지	NNG
사람	NNG
매장	NNG
1인	NNG
1잔	NNG
쿠키	NNG
프라페	NNG
4천	NNG
원	NNG
허니브레드	NNG
7천	NNG
포장	NNG
헤이즐넛	NNG
조금	NNG
머그컵	NNG
카페라테	NNG
컵사이즈	NNG
큰	NNG
어니언	NNG
플레인	NNG
	NNG
5000원	NNG
오천	NNG
진동벨	NNG
4000원	NNG
몇	NNG
세	NNG
4500원	NNG
바닐라라테	NNG
자몽에이드	NNG
6000원	NNG
생크림	NNG
과일	NNG
휘핑크림	NNG
안	NNG
카드	NNG
결제수단	NNG
새벽	NNG
영업	NNG
24시간	NNG
라지	NNG
복도	NNG
종이	NNG
딸기	NNG
스무디	NNG
재료	NNG
라테	NNG
시즌	NNG
오늘	NNG
프리퀀시	NNG
구성	NNG
세트	NNG
치즈	NNG
불가능	NNG
대체	NNG
두유	NNG
변경	NNG
여기	NNG
분	NNG
7분	NNG
2층	NNG
카페인	NNG
플레인스무디	NNG
딸기스무디	NNG
키위스무디	NNG
생과일	NNG
냉동제품	NNG
키위	NNG
휴지	NNG
하프	NNG
디	NNG
선택	NNG
9500원	NNG
커피음료	NNG
주스	NNG
딸기주스	NNG
바나나주스	NNG
파인애플주스	NNG
당근	NNG
플랫	NNG
화이트	NNG
적게	NNG
신	NNG
고소한	NNG
원두	NNG
지금	NNG
레드벨벳	NNG
유리잔	NNG
차	NNG
블랙	NNG
방금	NNG
적고	NNG
루이보스차	NNG
우려서	NNG
티라미슈	NNG
앞접시	NNG
4100원	NNG
시	NNG
시간	NNG
12시	NNG
마감	NNG
청소	NNG
암호	NNG
번	NNG
에어컨	NNG
중앙냉방	NNG
휴대폰	NNG
카페	NNG
11시	NNG
얼음	NNG
바코드	NNG
앞	NNG
기계	NNG
인식	NNG
픽업	NNG
오늘의	NNG
카페모카	NNG
5천	NNG
빨대	NNG
이쪽	NNG
샌드위치카페라테	NNG
따뜻	NNG
샌드위치	NNG
데워	NNG
물티슈	NNG
머그	NNG
단체	NNG
30개	NNG
20개	NNG
50개	NNG
조각케이크	NNG
가격	NNG
만원	NNG
천	NNG
얼음량	NNG
동일	NNG
빙수	NNG
바닐라	NNG
따뜻하게	NNG
15000포인트	NNG
기프트카드	NNG
통합	NNG
한잔	NNG
컵	NNG
아메리카노하나	NNG
레귤러	NNG
준비	NNG
초코	NNG
무엇	NNG
1500원	NNG
10900원	NNG
티라미수	NNG
주차	NNG
팥빙수	NNG
계절음식	NNG
자몽차	NNG
테이블	NNG
미숫가루	NNG
한정	NNG
겨울	NNG
감귤라테	NNG
사이드	NNG
인절미	NNG
쏙쏙	NNG
붕어빵	NNG
인기	NNG
감귤	NNG
2잔	NNG
결제카드	NNG
초코머핀	NNG
부탁	NNG
화이트초코머핀	NNG
1개	NNG
7000원	NNG
완료	NNG
녹차라테	NNG
허니	NNG
갈릭	NNG
비용	NNG
발생	NNG
픽업대	NNG
마카롱	NNG
계산	NNG
확인	NNG
차례	NNG
핫초코	NNG
10000원	NNG
레몬티	NNG
8800원	NNG
투샷	NNG
4샷	NNG
파이	NNG
생과일주스	NNG
달아서	NNG
오곡	NNG
달지	NNG
곡물가루	NNG
고소	NNG
따듯	NNG
통신사	NNG
오후	NNG
10시	NNG
엘지	NNG
플렛	NNG
진하게	NNG
차감	NNG
차가운	NNG
초코칩	NNG
자몽치	NNG
여자	NNG
선호	NNG
예가체프	NNG
쓴	NNG
쓴맛	NNG
산미	NNG
과일향	NNG
부드러워서	NNG
말차	NNG
에스프레소	NNG
품절	NNG
고객님	NNG
그린	NNG
스타벅스	NNG
잔액	NNG
3천	NNG
충전	NNG
2만	NNG
그랑데	NNG
1만	NNG
할인카드	NNG
1천원	NNG
할인율	NNG
연하게	NNG
요금	NNG
요즘	NNG
브런치	NNG
크로크무슈	NNG
민트	NNG
코	NNG
5500원	NNG
규정	NNG
마키아토	NNG
테이크아웃잔	NNG
올해	NNG
점포	NNG
1회용	NNG
교환권	NNG
교환	NNG
이곳	NNG
10퍼센트	NNG
유효기간	NNG
지하철	NNG
역	NNG
분당선	NNG
압구정	NNG
로데오	NNG
건물	NNG
뒤	NNG
주차장	NNG
쿠앤크	NNG
치노	NNG
피지와	NNG
라임	NNG
자몽	NNG
캐머마일	NNG
앞쪽	NNG
5000점	NNG
4500점	NNG
모카	NNG
런치세트	NNG
2시	NNG
치킨	NNG
파야냐	NNG
리저브	NNG
방법	NNG
과테말라	NNG
케냐	NNG
마이크로	NNG
블렌드	NNG
다크초콜릿	NNG
달콤	NNG
단	NNG
크림치즈케이크	NNG
아메리카	NNG
행사	NNG
공짜	NNG
벨	NNG
키오스크	NNG
유자차	NNG
차갑게	NNG
루이보서	NNG
KT	NNG
더블할인	NNG
9300원	NNG
고구마라테	NNG
****	NNG
제공	NNG
휴대번호	NNG
오픈	NNG
9시	NNG
캐러멜	NNG
드리블	NNG
통	NNG
잡아	NNG
칩	NNG
말씀	NNG
6700원	NNG
18000원	NNG
작은	NNG
앞에	NNG
맨날	NNG
나	NNG
매일	NNG
처음	NNG
날씨	NNG
만	NNG
미지근한	NNG
말차케이크	NNG
포크	NNG
태이크	NNG
정책	NNG
이용	NNG
왼쪽	NNG
크랜베리	NNG
두개	NNG
금액	NNG
오전	NNG
이전	NNG
위에	NNG
시그니처	NNG
데이바이데이	NNG
상태	NNG
추출	NNG
내리는	NNG
에티오피아	NNG
산	NNG
귀부인	NNG
향	NNG
꽃	NNG
깔끔한	NNG
밸런스	NNG
금방	NNG
콜롬비아산	NNG
미지근	NNG
핫	NNG
6천	NNG
9천	NNG
방침	NNG
일회용기	NNG
종료	NNG
평일	NNG
밤	NNG
1조각	NNG
잠시	NNG
크리스마스	NNG
50퍼센트	NNG
초코무스	NNG
5종류	NNG
종류별	NNG
모카프라프치노	NNG
6500원	NNG
VIP	NNG
연락처	NNG
만점	NNG
프로	NNG
5프로	NNG
최대	NNG
3조각	NNG
팩	NNG
진열	NNG
쿠키앤크림	NNG
초콜릿	NNG
스트로베리	NNG
바로	NNG
30분	NNG
5200원	NNG
벤티	NNG
200원	NNG
시원한	NNG
절반	NNG
학생	NNG
기둥	NNG
옆	NNG
신선	NNG
홀	NNG
1000원	NNG
아메리카노샷	NNG
2300원	NNG
약하게	NNG
많이	NNG
캐러맬	NNG
마끼야또	NNG
디저트	NNG
치즈베이글	NNG
별로	NNG
냅킨	NNG
뜨겁게	NNG
반	NNG
초코라테	NNG
아이	NNG
뱀파이어	NNG
로즈	NNG
재스민	NNG
2샷	NNG
신맛	NNG
초코케이크	NNG
5600원	NNG
핸드폰번호	NNG
토마토주스	NNG
설탕	NNG
마감시간	NNG
사장님	NNG
병원	NNG
더블	NNG
제휴카드	NNG
뉴욕	NNG
크기	NNG
솔로	NNG
도피오	NNG
트리플	NNG
손님	NNG
점보	NNG
캐러멜마키아토	NNG
스탬프	NNG
4개	NNG
5개	NNG
세트메뉴	NNG
이천	NNG
미팅룸	NNG
브런치류	NNG
여섯	NNG
삼천	NNG
녹차	NNG
스팀우유	NNG
오백	NNG
얼그레이	NNG
얼그레이티	NNG
하나카드	NNG
전화번호	NNG
핸드폰	NNG
#전화번호#	NNG
메뉴판	NNG
따듯한	NNG
키패드	NNG
의자	NNG
6잔	NNG
12개	NNG
혼자	NNG
운영	NNG
5시	NNG
적립금	NNG
어린이	NNG
과일주스	NNG
흡연	NNG
공간	NNG
흡연장소	NNG
1800원	NNG
갈아서	NNG
포인트카드	NNG
판매대	NNG
디저트류	NNG
단맛	NNG
버터	NNG
1봉지	NNG
봉지	NNG
주차증	NNG
3가지	NNG
딸기맛	NNG
저지방	NNG
브라질산	NNG
페루산	NNG
8천	NNG
장	NNG
10장	NNG
맞은편	NNG
3잔	NNG
13500원	NNG
3월	NNG
개시	NNG
트레이	NNG
13000원	NNG
5100원	NNG
단말기	NNG
아침	NNG
구매	NNG
천원	NNG
전자레인지	NNG
대표	NNG
토피넛라떼	NNG
투	NNG
4800원	NNG
9000원	NNG
카카오페이	NNG
찬물	NNG
저쪽	NNG
토피넛라테	NNG
4천500원	NNG
맥스	NNG
잉글리시	NNG
브렉퍼스트	NNG
2분	NNG
예정	NNG
아인슈페너	NNG
비엔나커피	NNG
쇼콜라티에	NNG
블랙베리	NNG
무스	NNG
kt	NNG
아래	NNG
제거	NNG
이천오백	NNG
8잔	NNG
오트밀	NNG
3500원	NNG
아포가토	NNG
아이스크림	NNG
허브티	NNG
잔샷	NNG
1샷	NNG
화이트초콜릿	NNG
업	NNG
보통	NNG
와플	NNG
유플러스	NNG
국민카드	NNG
두배	NNG
차갑	NNG
커피과테말라	NNG
시식	NNG
일행	NNG
각	NNG
갈린	NNG
셔벗	NNG
계절	NNG
1/2카페인	NNG
미디엄	NNG
이물질	NNG
열시	NNG
당도	NNG
테크	NNG
차액	NNG
크림치즈	NNG
가지	NNG
플라스틱	NNG
용기	NNG
망고	NNG
아침세트	NNG
5세트	NNG
애플파이	NNG
돌체	NNG
적립5600원	NNG
빙수류	NNG
집	NNG
과일청	NNG
영귤차	NNG
시원	NNG
새로운	NNG
출시	NNG
소문	NNG
뜨겁	NNG
라지사이즈	NNG
5300원	NNG
카페라테한	NNG
삼성	NNG
콜롬비아	NNG
레몬	NNG
청	NNG
8400원	NNG
초	NNG
27개	NNG
진열대	NNG
달콤한	NNG
원두.	NNG
주스하나	NNG
클럽샌드위치	NNG
8500원	NNG
구입	NNG
2배	NNG
크레이프	NNG
판	NNG
판케잌	NNG
6조각	NNG
개별	NNG
주의	NNG
34500원	NNG
일반우유	NNG
콜드브루	NNG
tall	NNG
숫자	NNG
버튼	NNG
6300원	NNG
튜너	NNG
네	NNG
포함	NNG
25000원	NNG
7500원	NNG
계산서	NNG
차게	NNG
뒷자리	NNG
7시	NNG
30잔	NNG
12만	NNG
CJ	NNG
one	NNG
쪽	NNG
점	NNG
프리쿠폰	NNG
쇼케이스	NNG
병음료	NNG
3700원	NNG
한가지	NNG
거품	NNG
안쪽	NNG
화장지	NNG
5800원	NNG
소진	NNG
증	NNG
발급	NNG
오렌지	NNG
추가금	NNG
에이드	NNG
제로	NNG
가맹점	NNG
지연	NNG
3분	NNG
옥수수빵	NNG
거스름돈	NNG
출입문	NNG
탁자	NNG
컵케이크	NNG
17000원	NNG
낮	NNG
서비스	NNG
이번	NNG
주	NNG
진행	NNG
15분	NNG
소요	NNG
대기인원	NNG
3팀	NNG
스파클링	NNG
3400원	NNG
오미자	NNG
5400원	NNG
안내	NNG
개인	NNG
지참	NNG
갈아	NNG
갈고	NNG
4900원	NNG
6100원	NNG
리코다	NNG
멜팅	NNG
12000원	NNG
셀프	NNG
리필	NNG
바나나	NNG
4300원	NNG
가나슈	NNG
레큘러	NNG
4700원	NNG
나무	NNG
브라질	NNG
표인트	NNG
딜라이트	NNG
오천육백원	NNG
추가요금	NNG
4600원	NNG
슈거	NNG
버블티	NNG
문자	NNG
티슈	NNG
5잔	NNG
아가	NNG
슈크림	NNG
HOT	NNG
8600원	NNG
네이버	NNG
13100원	NNG
5900원	NNG
처리	NNG
4천6백	NNG
국수	NNG
식사	NNG
소량	NNG
보리찰떡	NNG
팥	NNG
시나몬	NNG
콩빵	NNG
초코라떼	NNG
쌀라떼	NNG
곡물라떼	NNG
사진	NNG
어디	NNG
첫	NNG
번째	NNG
육천백	NNG
티바나	NNG
라임티	NNG
플래시	NNG
구콘	NNG
반대	NNG
쉬는	NNG
날	NNG
주말	NNG
로스팅	NNG
회원카드	NNG
교통카드	NNG
회원비	NNG
혜택	NNG
등급	NNG
별	NNG
빈도수	NNG
비례	NNG
저렴	NNG
카라멜	NNG
마끼아또	NNG
소스	NNG
핑크	NNG
솔트	NNG
비엔나	NNG
소금	NNG
핑크소스	NNG
짠맛	NNG
스몰사이즈	NNG
아메리치노	NNG
말	NNG
거픔층	NNG
오케이캐시백	NNG
롯데카드	NNG
SKT브로드밴드	NNG
브이아이피	NNG
더치커피	NNG
용품	NNG
열한시	NNG
샤케라또	NNG
쉐이크	NNG
형광커피	NNG
칵테일	NNG
쉐이커	NNG
여름	NNG
도수	NNG
여성	NNG
협회	NNG
업소	NNG
열	NNG
체인점	NNG
글씨	NNG
오백원	NNG
미리	NNG
육백미리	NNG
일년	NNG
신세계	NNG
관련	NNG
계열	NNG
전국	NNG
상품권	NNG
숏사이즈	NNG
톨사이즈	NNG
거	NNG
모두	NNG
필요	NNG
일반영수증	NNG
팔천칠백	NNG
바	NNG
바게트빵	NNG
이거	NNG
계피가루	NNG
밖	NNG
프라이팬	NNG
카모마일	NNG
달아	NNG
쿠키슈	NNG
밀크티라떼	NNG
베이스	NNG
햄	NNG
크로와상	NNG
사천오백	NNG
구천오백	NNG
셀프바	NNG
유상	NNG
돈	NNG
나중	NNG
천오백	NNG
해피머니	NNG
요기요	NNG
선물	NNG
천이백원	NNG
꿀복숭아	NNG
니트로커피	NNG
질소	NNG
9분	NNG
오리지널	NNG
오븐	NNG
구워	NNG
천구백원	NNG
가루	NNG
믹스커피	NNG
종이컵	NNG
딸기라떼	NNG
원액	NNG
아이스티	NNG
사천	NNG
맞은	NNG
편	NNG
친구	NNG
모임	NNG
애완견	NNG
병	NNG
삼대일	NNG
진하다	NNG
오대일	NNG
육대일	NNG
로얄	NNG
티백	NNG
베리민트	NNG
아트라떼	NNG
솔티치즈	NNG
잠깐	NNG
맘스터치	NNG
근처	NNG
빈자리	NNG
단속	NNG
고구마	NNG
아로니아	NNG
젊은	NNG
냉동	NNG
제품	NNG
곡물	NNG
돌체라떼	NNG
연유	NNG
무지방	NNG
삼천팔백	NNG
뜨거워	NNG
산부인과	NNG
은색	NNG
가격표	NNG
브래드	NNG
직접	NNG
수제와플	NNG
토스트	NNG
비슷	NNG
상가	NNG
만삼천	NNG
핸드드립	NNG
손	NNG
더치	NNG
핸드드립커피	NNG
하우스	NNG
에이	NNG
비	NNG
톰과	NNG
제리	NNG
모양	NNG
지하주차장	NNG
등록	NNG
고로케	NNG
계란	NNG
감자	NNG
도너츠	NNG
단팥	NNG
팥빵	NNG
베이커리	NNG
오천구백	NNG
새로	NNG
핫도그	NNG
육천	NNG
젤라또	NNG
주차공간	NNG
머랭쿠키	NNG
삼천오백	NNG
몰디브라떼	NNG
카라멜라떼	NNG
드립커피	NNG
일반	NNG
민감	NNG
제조용법	NNG
고온고압	NNG
드립	NNG
삼천백	NNG
오분	NNG
이층	NNG
정수물	NNG
음료수	NNG
허브	NNG
초콜렛	NNG
사천이백	NNG
퍼센트	NNG
오	NNG
문	NNG
초코음료	NNG
아이스초코	NNG
초코스무디	NNG
오천육백	NNG
해피포인트	NNG
에스케이	NNG
계단	NNG
생자몽	NNG
여러	NNG
명	NNG
수	NNG
달게	NNG
싼	NNG
명함	NNG
덜	NNG
바닐라라떼	NNG
럭키백	NNG
뚜껑	NNG
네일	NNG
별도	NNG
자몽청	NNG
이만	NNG
칠천	NNG
천육백	NNG
아이스팬	NNG
밀크	NNG
깔끔	NNG
달고	NNG
나머지	NNG
커피류	NNG
전부	NNG
달달	NNG
애플	NNG
신메뉴	NNG
차이	NNG
약간	NNG
생강	NNG
수삼주스	NNG
수삼	NNG
오천오백	NNG
이천팔백	NNG
수제쿠키	NNG
햄치즈	NNG
여섯시	NNG
캬라멜	NNG
압력	NNG
기름층	NNG
부드럽게	NNG
연한	NNG
예시	NNG
5만원	NNG
단계	NNG
차이티	NNG
조절	NNG
얼음물	NNG
이천햅쌀라떼	NNG
파우더	NNG
생각	NNG
어플	NNG
이력	NNG
삼백	NNG
많게	NNG
삼만	NNG
크림슈	NNG
초코맛	NNG
로얄비트쉬폰	NNG
오천칠백	NNG
현대엠포인트	NNG
신용카드	NNG
씨제이원카드	NNG
씨제이	NNG
원카드	NNG
계열사	NNG
실물카드	NNG
국민	NNG
야외	NNG
타워	NNG
끈적하다	NNG
달은	NNG
육백	NNG
계정	NNG
모형	NNG
자색	NNG
SK포인트	NNG
15퍼센트	NNG
적용	NNG
지정	NNG
티멤버십	NNG
실물	NNG
컴퓨터	NNG
베버리지	NNG
블렌딩	NNG
드란티	NNG
플랫치노	NNG
초콜릿칩	NNG
양해	NNG
요거트	NNG
애	NNG
쿠키프라페	NNG
생딸기	NNG
쿠앤크마카롱	NNG
딸기마카롱	NNG
9시반	NNG
테이크아웃컵	NNG
다섯	NNG
승차권	NNG
10프로	NNG
7700원	NNG
바닐러	NNG
커피콘	NNG
밀가루	NNG
자스민차	NNG
찬	NNG
1200원	NNG
1시	NNG
3800원	NNG
해룡	NNG
중국집	NNG
3퍼센트	NNG
5퍼센트	NNG
성함	NNG
#이름	NNG
밑	NNG
납작	NNG
본점	NNG
모과차	NNG
뜨겁지	NNG
일요일	NNG
6시	NNG
명절	NNG
1리터	NNG
1년	NNG
사과	NNG
주스용	NNG
옆쪽	NNG
바닐라시럽	NNG
플랫화이트	NNG
홀더	NNG
솔티드캬라멜라떼	NNG
짭잘한	NNG
구수한	NNG
달달한	NNG
더치라떼	NNG
우측	NNG
소금커피	NNG
소금크림소스	NNG
짠	NNG
메이플라떼	NNG
메이플	NNG
1월말	NNG
개업	NNG
6900원	NNG
대만샌드위치	NNG
더블에스프레소	NNG
배	NNG
십구곡라떼	NNG
율무	NNG
10년	NNG
2015년도	NNG
아포카토	NNG
빽앤나	NNG
레몬에이드	NNG
티레몬에이드	NNG
3900원	NNG
모히토커피라떼	NNG
모히토	NNG
화한	NNG
롯데	NNG
히비스커스	NNG
서울	NNG
경기	NNG
지역	NNG
국내	NNG
브랜드	NNG
인삼한뿌리	NNG
인삼	NNG
진저에이드	NNG
아린	NNG
100원	NNG
7800원	NNG
10번째	NNG
바깥쪽	NNG
청포도	NNG
케냐AA	NNG
마운틴	NNG
블루마운틴	NNG
구운	NNG
3천원	NNG
모카치노	NNG
뒤쪽	NNG
급속	NNG
충전기	NNG
빌딩	NNG
1시간	NNG
주차단속	NNG
저번	NNG
번씩	NNG
신데렐라	NNG
장화홍련	NNG
바리스타마스터	NNG
코지코히	NNG
900원	NNG
밀크코히	NNG
일본어	NNG
코히	NNG
1900원	NNG
아파트	NNG
주차선	NNG
8시	NNG
마론마키야또	NNG
회원	NNG
2프로	NNG
3프로	NNG
엘지페이	NNG
민트아메리카노	NNG
경성역	NNG
다방커피	NNG
연유커피	NNG
부드라운	NNG
20분	NNG
쿠폰제	NNG
허니버터볼	NNG
브라우니	NNG
비번	NNG
모니터	NNG
편의점	NNG
그릇	NNG
저녁	NNG
스팀밀크	NNG
스팀	NNG
결제금액	NNG
크루아상	NNG
겉	NNG
헤이즐넛라떼	NNG
헤이즐넛시럽	NNG
치즈케이크라떼	NNG
할인쿠폰	NNG
좌측	NNG
정수기	NNG
원두찌꺼기	NNG
캐모마일	NNG
숏라떼	NNG
진한	NNG
오리지날	NNG
ONE	NNG
홈페이지	NNG
1000점	NNG
더블그린	NNG
녹차라떼	NNG
공차	NNG
SK	NNG
비밀전호	NNG
화이트모카	NNG
하얀	NNG
마키야또	NNG
커피잔	NNG
리트로콜드브루	NNG
배달의	NNG
민족	NNG
3만원	NNG
열두	NNG
일곱	NNG
아홉	NNG
R사이즈	NNG
3200원	NNG
그린티	NNG
녹차가루	NNG
원사이즈	NNG
초콜렛맛	NNG
2900원	NNG
콜드폼	NNG
폼	NNG
쵸코음료	NNG
쵸코	NNG
자바	NNG
특징	NNG
카스텔라	NNG
LG유플러스	NNG
내일	NNG
보관	NNG
냉장고	NNG
베란다	NNG
연해	NNG
토마토	NNG
냉동과일	NNG
2월	NNG
원유	NNG
몇미리	NNG
16온스	NNG
모카라떼	NNG
컵홀더	NNG
티음료	NNG
커피종류	NNG
초코시럽	NNG
청운신협	NNG
체크카드	NNG
결제.	NNG
20%할인	NNG
엘리베이터	NNG
아포카도	NNG
빅사이즈	NNG
더치커피2800원	NNG
테이크아웃잔할인	NNG
두펌프	NNG
한샷	NNG
오케이캐쉬백	NNG
영업시간	NNG
오전10시	NNG
오후10시	NNG
밀크폼	NNG
우유거품	NNG
코코아	NNG
사천원	NNG
유자에이드	NNG
대만	NNG
실론	NNG
타이거	NNG
슈가	NNG
호랑이	NNG
무늬	NNG
6개월	NNG
수제	NNG
누가	NNG
크래커	NNG
스트로우	NNG
고객층	NNG
쟈스민	NNG
이름	NNG
1분	NNG
컬러	NNG
색소	NNG
식용	NNG
이천원	NNG
초코집	NNG
출입구	NNG
휘핑크림크림	NNG
흰색	NNG
뜨거워서	NNG
딸기잼	NNG
잼	NNG
90프로	NNG
계절과일	NNG
100프로	NNG
찐해서	NNG
허브차	NNG
식물	NNG
레몬밤	NNG
키	NNG
참귤	NNG
니트로	NNG
냉장	NNG
가스통	NNG
맥주	NNG
이디야	NNG
실버	NNG
패밀리	NNG
골드	NNG
상품	NNG
고체	NNG
액체	NNG
홈플러스	NNG
마트	NNG
낱개	NNG
쿠키치즈	NNG
진하고	NNG
팔백	NNG
마샬라차이	NNG
생강향	NNG
CJ포인트	NNG
삼성카드	NNG
현대M	NNG
L포인트	NNG
롯데상품권	NNG
주차.	NNG
스위트	NNG
팬케이크	NNG
커스터드	NNG
베리	NNG
라즈베리	NNG
콜드	NNG
달작	NNG
칠백	NNG
고객	NNG
세일	NNG
에그	NNG
아메키라노	NNG
1층	NNG
지하	NNG
왼편	NNG
원샷	NNG
수요일	NNG
블랙퍼스트	NNG
아줌마	NNG
여덟	NNG
예약	NNG
긴	NNG
연유라테	NNG
츄러스	NNG
오천이백	NNG
콘파냐	NNG
프로티펀치	NNG
해피	NNG
살사	NNG
2인용	NNG
다쿠아즈케이크	NNG
뭐드러갔슈	NNG
슈	NNG
입맛	NNG
인	NNG
원수	NNG
스페셜티	NNG
블랜디드	NNG
45분	NNG
제한	NNG
많은	NNG
많고	NNG
적은	NNG
평일날	NNG
빈	NNG
오미자차	NNG
펌프	NNG
스팀기	NNG
휴무날	NNG
전날	NNG
당일	NNG
휴업	NNG
생아메리카노	NNG
인원수	NNG
보들라떼	NNG
휴무	NNG
연중무휴	NNG
단백질	NNG
부족	NNG
패드	NNG
백	NNG
자몽티	NNG
제조	NNG
수면	NNG
케모마일	NNG
새콤한	NNG
농축액	NNG
로이보스	NNG
크림티	NNG
성향	NNG
민트티	NNG
순수	NNG
히비스커스네	NNG
머랭	NNG
요커트	NNG
프랜차이즈	NNG
치즈빵	NNG
꽈배기	NNG
페스트리	NNG
머스켓	NNG
묶음	NNG
구천	NNG
아몬드	NNG
아가씨	NNG
모든	NNG
여과지	NNG
거르기	NNG
아주머니	NNG
오피스	NNG
지역아메리카노	NNG
저	NNG
프레즐	NNG
스틱	NNG
커피콩알	NNG
반죽	NNG
성분	NNG
우유맛	NNG
오백미리	NNG
섞인	NNG
팔천	NNG
십프로	NNG
이백	NNG
치즈폼	NNG
딥초고	NNG
치즈가루	NNG
딥초코	NNG
블랙티	NNG
펄	NNG
사백	NNG
삼십	NNG
멤버쉽	NNG
뜨거우니	NNG
그램	NNG
구백	NNG
용량	NNG
진하기	NNG
T멤버쉽	NNG
연유라떼	NNG
스페인	NNG
밤라떼	NNG
밥	NNG
삶아서	NNG
액기스	NNG
첨가물	NNG
블랙화이트	NNG
3분의	NNG
1	NNG
홍시	NNG
점심	NNG
공수	NNG
IPTIME	NNG
개방형	NNG
화이트초코	NNG
작게	NNG
커피토리	NNG
연결	NNG
후	NNG
모히또	NNG
탄산	NNG
무알콜	NNG
클랜즈	NNG
착즙	NNG
녹즙	NNG
전	NNG
품목	NNG
리얼	NNG
쇼콜라	NNG
목	NNG
시원하게	NNG
적립번호	NNG
아너스	NNG
아너스회원증	NNG
회원증	NNG
서울우유	NNG
체인	NNG
전문업체	NNG
최상급	NNG
커피숍	NNG
블랜딩	NNG
추가비	NNG
콤파냐	NNG
시중	NNG
농도	NNG
정면	NNG
과자	NNG
치즈케잌	NNG
소프트	NNG
쉬폰	NNG
CJ카드	NNG
원조커피	NNG
토핑	NNG
티머니	NNG
대자	NNG
4400원	NNG
진짜딸기우유	NNG
탄산수	NNG
방식	NNG
skt할인	NNG
스파클링에이드	NNG
플랜클링	NNG
플랜클링레몬	NNG
떠먹는	NNG
0.4930555556	NNG
자스민	NNG
고구마라떼	NNG
홍차라떼	NNG
초콜릿티	NNG
복숭아티	NNG
플레인맛	NNG
어니언맛	NNG
푸드코트	NNG
주차권	NNG
5시간	NNG
벌꿀	NNG
작은컵	NNG
자몽주스	NNG
차이점	NNG
계량컵	NNG
희석	NNG
에그햄머핀	NNG
맥도날드	NNG
민트라떼	NNG
민트시럽	NNG
민트향	NNG
냉동필라프	NNG
내맘대로	NNG
복지카드	NNG
원플러스원	NNG
커플요금제	NNG
VIP고객	NNG
라자냐	NNG
바닐라딜라이트	NNG
애플그린씨	NNG
할리스	NNG
공용	NNG
유로드립	NNG
큐브라떼	NNG
얼린	NNG
다콰즈	NNG
레몬차	NNG
레몬유자차	NNG
레몬청	NNG
유자청	NNG
13400원	NNG
진저라떼	NNG
진저러떼	NNG
생강청	NNG
식혜	NNG
작은거	NNG
큰거	NNG
2800원	NNG
방문	NNG
말린	NNG
100퍼센트	NNG
3개월	NNG
베니스카푸치노	NNG
바닐라카푸치노	NNG
아그로타타마	NNG
유기농	NNG
사탕수수	NNG
구간	NNG
20원	NNG
땅콩카라멜라떼	NNG
땅콩	NNG
브이	NNG
벤티사이즈	NNG
알	NNG
카라멜마끼야또	NNG
레귤러사이즈	NNG
천오백원	NNG
10잔	NNG
85도	NNG
인터넷판매	NNG
SNS	NNG
인스타	NNG
페이스북	NNG
몇시	NNG
시나몬가루	NNG
제도	NNG
커피찌꺼기	NNG
생과일쥬스	NNG
생딸기쥬스	NNG
다운로드	NNG
한종류	NNG
20온즈	NNG
600미리	NNG
7잔	NNG
캔	NNG
한샷반	NNG
무료제공	NNG
일반커피	NNG
일반라떼	NNG
원산지	NNG
이탈리아	NNG
만델리	NNG
애플망고	NNG
퓨레	NNG
애플망고주스	NNG
11시반	NNG
큰컵	NNG
토요일	NNG
생강차	NNG
차종류	NNG
세가지	NNG
두가지	NNG
포장컵	NNG
10시30분	NNG
몇가지	NNG
더치아메리카노	NNG
뜨거운물	NNG
차가운물	NNG
추가요금.	NNG
설	NNG
그린라떼	NNG
매실	NNG
2만원	NNG
생강분말	NNG
로얄밀크티	NNG
솔트치즈카페라떼	NNG
라인	NNG
망고주스	NNG
블루베리주스	NNG
아이슈페너	NNG
테이크카웃	NNG
한번	NNG
커피원두	NNG
1리터커피	NNG
1리터커피아이스	NNG
아메리카노테이크	NNG
텀블러할인	NNG
텀블러할인테이크	NNG
아웃천원할인	NNG
카푸치노한	NNG
적립쿠폰	NNG
원두로스팅분쇄	NNG
분쇄	NNG
12000원14000원	NNG
원두한	NNG
봉지몇	NNG
200g	NNG
카푸치노에스프레소우유우유	NNG
잔라떼거품우유카푸치노거품우유	NNG
더치물	NNG
물미네랄미네랄물커피	NNG
코웨이	NNG
블랙티.홍차	NNG
밀키티홍차	NNG
유자레몬티	NNG
유자레몬티오렌지	NNG
블랙티프렌치	NNG
얼그레이향	NNG
에스프레소샷몇	NNG
하나더블두개	NNG
카드적립	NNG
CJ카드적립	NNG
LG카드	NNG
통신사적립	NNG
물한	NNG
에스프레소물	NNG
에스프레소물샷	NNG
텀블러300원할인	NNG
아웃할인	NNG
아웃텀블러할인	NNG
매장텀블러	NNG
에스프레소콘파냐	NNG
에스프레소원액에스프레소	NNG
콘파냐휘핑크림	NNG
원액하겐다즈	NNG
아이스크림하나음식	NNG
맛아메리카노달달한맛라떼바닐라라떼우유음료	NNG
아파트주차	NNG
사장님화장실	NNG
사장님음료포장	NNG
빨대하나	NNG
달달한음료	NNG
카파멜마끼아또스윗앤솔티	NNG
라떼연유	NNG
라떼스윗앤솔티	NNG
커피허니	NNG
커피커피허니	NNG
라떼더치	NNG
라떼원당시럽음료	NNG
에스프레소아메리카노	NNG
에스프레소커피원액아메리카노원액물음료	NNG
시럽휘핑	NNG
시럽휘핑추가휘핑500원금액	NNG
할인카드도장쿠폰	NNG
도장10개한	NNG
잔3900원	NNG
아메리카노샷시럽	NNG
3300원	NNG
커피디저트류	NNG
치즈케익한	NNG
핸드폰충전	NNG
화장실2층	NNG
종류메뉴판	NNG
아메리카노헤이즐넛	NNG
아메리카헤이즐넛	NNG
꿀아메리카노꿀	NNG
아메리카노꿀	NNG
메가리카노	NNG
사이즈1리터커피	NNG
샷추가돈얼마추가	NNG
투샷샷추가500원	NNG
원두원산지	NNG
원두100퍼센트아라비카산	NNG
라떼당도	NNG
라떼샷우유	NNG
음료컵사이즈3가지	NNG
따뜻음료1가지아메리카노사이즈하나	NNG
따뜻아메리카노한	NNG
적립핸드폰	NNG
음식포장매장음료	NNG
외부	NNG
음식매장	NNG
화장실중앙통로	NNG
아침9시	NNG
30분저녁9시	NNG
따뜻음료	NNG
커피유자티레몬티	NNG
모카카라멜	NNG
모카차이점	NNG
모카화이트	NNG
파우더카라멜	NNG
유자티/컵/사이즈	NNG
유자에이드사이다음료	NNG
따뜻유자티한	NNG
잔카드	NNG
서점	NNG
매장홀	NNG
마끼아또카페	NNG
라떼차이점	NNG
마끼아또라떼카라멜	NNG
시럽카페	NNG
에스프레소샷원액아메리카노물음료	NNG
아메리카노샷몇	NNG
30cc투샷	NNG
컵사이즈몇	NNG
스몰레귤러라지3종류	NNG
컵사이즈별가격	NNG
스몰4300원사이즈500원	NNG
테이크아웃잔10분일회용	NNG
아메리카노사이즈한	NNG
카드롯데	NNG
카드할인	NNG
음료포장	NNG
완전	NNG
피스타치오차가운음료	NNG
다방커피다방	NNG
원조	NNG
커피다방	NNG
커피한	NNG
따뜻한음료	NNG
우유본사베이스	NNG
10번무료	NNG
지점쿠폰/교환권	NNG
지점	NNG
햄에그치아버터크로크마담	NNG
햄에그치아버터햄계란치즈크로크마담햄치즈	NNG
오븐기	NNG
와플시간20분	NNG
기계예열20분	NNG
주차확인쿠폰	NNG
물티슈하나	NNG
카푸치노카페	NNG
거품시나몬카페	NNG
모카라떼초코시럽휘핑	NNG
모카휘핑	NNG
쿠폰메뉴	NNG
쿠폰메뉴가격	NNG
쿠폰가격	NNG
매장테이크	NNG
카푸치노쿠폰금액결제	NNG
금액저장쿠폰가격	NNG
베이글오븐크림	NNG
해피포인트적립	NNG
컵종이컵	NNG
2층종이컵	NNG
커피주문	NNG
전문점	NNG
라떼종류	NNG
라떼우유	NNG
카푸치노샷우유우유	NNG
거품시나몬가루	NNG
모카카페	NNG
라떼초코	NNG
잔따뜻하게	NNG
라떼고구마오븐	NNG
군고구마	NNG
모카텀블러	NNG
가게카페	NNG
모카얼마	NNG
모카4500원	NNG
미숫가루우유꿀	NNG
카페인커피	NNG
아메리카노맛	NNG
아메리카노디카페인주문	NNG
커피디카페인	NNG
아메리카노디카페인	NNG
콜드브루아메리카노	NNG
콜드브루찬물커피아메리카노그라인더커피	NNG
커피사이즈	NNG
사이즈더치	NNG
커피28500원	NNG
콜드브루더치	NNG
커피병	NNG
라떼토피넛	NNG
라떼에스프레소바닐라맛아이스크림토피넛	NNG
라떼에스프레소호두땅콩	NNG
커피질소커피	NNG
라떼한	NNG
잔따뜻	NNG
따뜻바닐라	NNG
잔3500원	NNG
텀블러할인200원	NNG
토피넛	NNG
라떼회사	NNG
본사	NNG
공영주차장	NNG
텀블러양	NNG
콜드브루한	NNG
라떼설탕	NNG
콜드브루원액우유	NNG
콜드브루커피맛	NNG
공영주차장무료	NNG
3년장사	NNG
진열상품	NNG
음료진열	NNG
프라페얼마	NNG
사이즈3800원사이즈3300원	NNG
프랜차이즈점	NNG
아메리카노한	NNG
텀블러음료	NNG
주차장긱가	NNG
생강청우유스팀	NNG
겨울생강	NNG
생강청메뉴	NNG
카드현금	NNG
아웃얼마	NNG
진저라떼꿀설탕	NNG
진저라떼생강청	NNG
500mL23000원	NNG
쿠키2200원	NNG
아메리카노따뜻한	NNG
10시오픈	NNG
따뜻물한	NNG
따뜻물	NNG
콜드브루디카페인	NNG
디카페인카페인	NNG
디카페인카페인절반	NNG
디카페인보통	NNG
디카페인커피둘	NNG
아메리카노투샷	NNG
타르트딸기생딸기	NNG
텀블러주문제작	NNG
로스터리	NNG
커피커피콩	NNG
커피맛	NNG
잔텀블러	NNG
텀블러할인3500원	NNG
샷원샷	NNG
영수증하나	NNG
납품	NNG
매장커피	NNG
텀블러할인300원	NNG
차어디	NNG
주차장골목	NNG
아보카도	NNG
아보카도우유시럽연유	NNG
아보카도하나	NNG
아보카도4000원	NNG
아웃가격	NNG
십구곡라떼신제품	NNG
신제품	NNG
십구곡라떼19가지	NNG
19가지	NNG
커피차	NNG
차국화차	NNG
생강차설탕	NNG
녹차라떼하나	NNG
따뜻녹차라떼	NNG
영수증잔돈	NNG
반반주스	NNG
건강	NNG
수제차	NNG
와인에이드	NNG
과일와인탄산수음료	NNG
주스망고	NNG
주스오렌지자몽	NNG
커피케냐	NNG
산미한잔	NNG
주차장타워상가	NNG
