가게카페	NNG
가나슈	NNG
갈릭	NNG
갈릭 치즈 브레드	NNG
감귤라테	NNG
개인컵	NNG
거품시나몬가루	NNG
거품시나몬카페	NNG
거픔층	NNG
겨울생강	NNG
결제금액	NNG
결제수단	NNG
결제카드	NNG
계량컵	NNG
계피가루	NNG
고구마 라떼	NNG
고구마 말랭이	NNG
고구마라떼	NNG
고구마라테	NNG
곡물가루	NNG
곡물라떼	NNG
골드	NNG
골드키위주스	NNG
공영주차장	NNG
과일와인탄산수음료	NNG
과일주스	NNG
과일청	NNG
과일향	NNG
과테말라	NNG
교통카드	NNG
교환권	NNG
국민카드	NNG
군고구마	NNG
그란데	NNG
그랑데	NNG
그린라떼	NNG
그린루이보스	NNG
그린티	NNG
그릴드 치킨 샐러드 & 시저 드레싱	NNG
금액저장쿠폰가격	NNG
기름층	NNG
기프트카드	NNG
기프티콘	NNG
까르보나라 구운주먹밥	NNG
꽈배기	NNG
꿀복숭아	NNG
꿀복숭아 플랫치노	NNG
꿀아메리카노꿀	NNG
꿀오란다	NNG
꿀호떡	NNG
냅킨	NNG
냉동과일	NNG
냉동제품	NNG
냉동필라프	NNG
녹차 라떼	NNG
녹차 플랫치노	NNG
녹차가루	NNG
녹차라떼	NNG
녹차라떼하나	NNG
녹차라테	NNG
농축액	NNG
뉴욕	NNG
니트로	NNG
니트로커피	NNG
다방커피	NNG
다방커피다방	NNG
다콰즈	NNG
다쿠아즈케이크	NNG
다크초콜릿	NNG
달고나 믹스치노	NNG
달고나 아이스크림 와플	NNG
대만샌드위치	NNG
더블 치즈 케이크	NNG
더블 토피넛 라떼	NNG
더블 토피넛 위드샷	NNG
더블그린	NNG
더블에스프레소	NNG
더블할인	NNG
더치	NNG
더치라떼	NNG
더치물	NNG
더치아메리카노	NNG
더치커피	NNG
데블스 초코 케이크	NNG
데이바이데이	NNG
도너츠	NNG
도피오	NNG
돌체	NNG
돌체라떼	NNG
두부텐더 콥샐러드	NNG
드란티	NNG
드리블	NNG
드립	NNG
드립커피	NNG
디저트	NNG
디저트류	NNG
디카페인	NNG
디카페인 버블 흑당 콜드브루	NNG
디카페인 연유 콜드브루	NNG
디카페인 콜드브루 니트로	NNG
디카페인 콜드브루 라떼	NNG
디카페인 콜드브루 아메리카노	NNG
디카페인 콜드브루 크림넛	NNG
디카페인 콜드브루 화이트비엔나	NNG
디카페인 흑당 콜드브루	NNG
디카페인카페인	NNG
디카페인카페인절반	NNG
디카페인커피둘	NNG
딜라이트	NNG
딥초고	NNG
딥초코	NNG
따뜻녹차라떼	NNG
딸기 쉐이크	NNG
딸기 요거트 플랫치노	NNG
딸기라떼	NNG
딸기마카롱	NNG
딸기스무디	NNG
딸기잼	NNG
딸기주스	NNG
딸기치즈 눈꽃빙수	NNG
딸기피치 요거놀라 1인빙수	NNG
땅콩카라멜라떼	NNG
떠먹는 티라미수	NNG
라떼	NNG
라떼고구마오븐	NNG
라떼당도	NNG
라떼더치	NNG
라떼샷우유	NNG
라떼설탕	NNG
라떼스윗앤솔티	NNG
라떼에스프레소바닐라맛아이스크림토피넛	NNG
라떼에스프레소호두땅콩	NNG
라떼연유	NNG
라떼우유	NNG
라떼원당시럽음료	NNG
라떼초코	NNG
라떼토피넛	NNG
라인	NNG
라임	NNG
라임티	NNG
라자냐	NNG
라즈베리	NNG
라테	NNG
럭키백	NNG
런치세트	NNG
레귤러	NNG
레드벨벳	NNG
레몬	NNG
레몬 마스카포네	NNG
레몬 스윗플럼	NNG
레몬 에이드	NNG
레몬밤	NNG
레몬에이드	NNG
레몬유자차	NNG
레몬차	NNG
레몬청	NNG
레몬티	NNG
로스터리	NNG
로스팅	NNG
로얄	NNG
로얄밀크티	NNG
로얄비트쉬폰	NNG
로이보스	NNG
로즈	NNG
롯데	NNG
롯데상품권	NNG
롯데카드	NNG
루이보서	NNG
루이보스	NNG
루이보스차	NNG
리코다	NNG
리트로콜드브루	NNG
리필	NNG
마감시간	NNG
마끼아또	NNG
마끼아또라떼카라멜	NNG
마끼아또카페	NNG
마끼야또	NNG
마론마키야또	NNG
마샬라차이	NNG
마스카포네 티라미수	NNG
마스코트	NNG
마이크로	NNG
마카롱	NNG
마키아토	NNG
마키야또	NNG
말차	NNG
말차케이크	NNG
맘스터치	NNG
맛아메리카노달달한맛라떼바닐라라떼우유음료	NNG
망고	NNG
망고 눈꽃빙수	NNG
망고 플랫치노	NNG
망고요거트 1인빙수	NNG
망고주스	NNG
망고패션 요거놀라 1인빙수	NNG
매콤 로제 구운주먹밥	NNG
맥도날드	NNG
머그잔	NNG
머그컵	NNG
머랭	NNG
머랭쿠키	NNG
머스켓	NNG
머핀	NNG
메가리카노	NNG
메뉴판	NNG
메이플	NNG
메이플 넛 브레드	NNG
메이플 와플	NNG
메이플라떼	NNG
멤버쉽	NNG
멤버십	NNG
모과차	NNG
모바일	NNG
모카	NNG
모카 플랫치노	NNG
모카라떼	NNG
모카라떼초코시럽휘핑	NNG
모카치노	NNG
모카칩 믹스치노	NNG
모카카라멜	NNG
모카카페	NNG
모카텀블러	NNG
모카프라프치노	NNG
모카화이트	NNG
모카휘핑	NNG
모히또	NNG
모히토	NNG
모히토커피라떼	NNG
몰디브라떼	NNG
무료제공	NNG
무스	NNG
무알콜	NNG
무지방	NNG
물미네랄미네랄물커피	NNG
물티슈	NNG
뭐드러갔슈	NNG
미니 코코 크런치	NNG
미니프레첼 볶음양념맛	NNG
미니프레첼 와사비맛	NNG
미디엄	NNG
미숫가루	NNG
미숫가루우유꿀	NNG
믹스라떼	NNG
믹스커피	NNG
민트	NNG
민트 모카	NNG
민트 초콜릿	NNG
민트 초콜릿 칩 플랫치노	NNG
민트라떼	NNG
민트시럽	NNG
민트아메리카노	NNG
민트티	NNG
민트향	NNG
밀가루	NNG
밀크	NNG
밀크레이프 케이크	NNG
밀크코히	NNG
밀크티	NNG
밀크티라떼	NNG
밀크폼	NNG
밀키티홍차	NNG
바게트빵	NNG
바나나주스	NNG
바닐라	NNG
바닐라 라떼	NNG
바닐라 마카롱	NNG
바닐라 웨이퍼스	NNG
바닐라딜라이트	NNG
바닐라라떼	NNG
바닐라라테	NNG
바닐라시럽	NNG
바닐라카푸치노	NNG
바닐러	NNG
바리스타마스터	NNG
반반주스	NNG
밤라떼	NNG
버블 크림 밀크티	NNG
버블 흑당 라떼	NNG
버블 흑당 콜드브루	NNG
버블믹스라떼	NNG
버블티	NNG
버터	NNG
베니스카푸치노	NNG
베리	NNG
베리민트	NNG
베버리지	NNG
베이글	NNG
베이글오븐크림	NNG
베이스	NNG
베이커리	NNG
베이컨 포테이토 스퀘어 피자	NNG
벤티	NNG
벤티사이즈	NNG
병음료	NNG
보들라떼	NNG
보리찰떡	NNG
복분자 뱅쇼	NNG
복분자 뱅쇼 콤부차	NNG
복숭아티	NNG
복지카드	NNG
불닭고구마 스퀘어 피자	NNG
붕어빵	NNG
브라우니	NNG
브라질	NNG
브래드	NNG
브런치	NNG
브런치류	NNG
브레드	NNG
브렉퍼스트	NNG
블랙	NNG
블랙베리	NNG
블랙티	NNG
블랙티.홍차	NNG
블랙티프렌치	NNG
블랙퍼스트	NNG
블랙화이트	NNG
블랜디드	NNG
블랜딩	NNG
블렌드	NNG
블렌딩	NNG
블루마운틴	NNG
블루베리	NNG
블루베리 머핀	NNG
블루베리 베이글	NNG
블루베리 요거트 플랫치노	NNG
블루베리 치즈 스틱케익	NNG
블루베리 크림치즈	NNG
블루베리주스	NNG
비번	NNG
비엔나	NNG
비엔나커피	NNG
비타민바(그릭요거트)	NNG
빅사이즈	NNG
빙수류	NNG
빽앤나	NNG
사장님	NNG
사탕수수	NNG
산딸기 마카롱	NNG
산미	NNG
산미한잔	NNG
살사	NNG
삼성카드	NNG
삼성페이	NNG
샌드위치	NNG
샌드위치카페라테	NNG
생강분말	NNG
생강차	NNG
생강차설탕	NNG
생강청	NNG
생강청우유스팀	NNG
생과일	NNG
생과일 수박주스	NNG
생과일 토마토주스	NNG
생과일주스	NNG
생과일쥬스	NNG
생딸기	NNG
생딸기 연유 브레드	NNG
생딸기 와플	NNG
생딸기 크로플	NNG
생딸기쥬스	NNG
생아메리카노	NNG
생자몽	NNG
생크림 와플	NNG
샤인히비스커스	NNG
샤케라또	NNG
서비스	NNG
서울우유	NNG
석류 애플라임	NNG
석류 오리지널	NNG
석류애플라임	NNG
세트	NNG
세트메뉴	NNG
셀프바	NNG
셔벗	NNG
소고기 브리또	NNG
소금커피	NNG
소금크림소스	NNG
소프트	NNG
솔트	NNG
솔트치즈카페라떼	NNG
솔티드캬라멜라떼	NNG
솔티치즈	NNG
쇼케이스	NNG
쇼콜라	NNG
쇼콜라티에	NNG
숏라떼	NNG
수삼	NNG
수삼주스	NNG
수제와플	NNG
수제차	NNG
수제쿠키	NNG
수플레 치즈 케이크	NNG
쉐이커	NNG
쉐이크	NNG
쉬폰	NNG
슈	NNG
슈가	NNG
슈거	NNG
슈크림	NNG
스노우 쿠키슈	NNG
스무디	NNG
스위트	NNG
스콘	NNG
스타벅스	NNG
스탬프	NNG
스트로베리	NNG
스트로베리 치즈 마카롱	NNG
스트로우	NNG
스틱	NNG
스팀밀크	NNG
스팀우유	NNG
스파클링에이드	NNG
스페셜티	NNG
스페인	NNG
스프링캐모마일	NNG
시그니처	NNG
시나몬	NNG
시나몬가루	NNG
시럽	NNG
시럽카페	NNG
시럽휘핑	NNG
식혜	NNG
신데렐라	NNG
신세계	NNG
실물카드	NNG
십구곡라떼	NNG
쌀라떼	NNG
쌍쌍 츄로스	NNG
쌍화차	NNG
씨제이	NNG
씨제이원카드	NNG
아그로타타마	NNG
아너스	NNG
아너스회원증	NNG
아로니아	NNG
아메리치노	NNG
아메리카	NNG
아메리카노	NNG
아메리카노꿀	NNG
아메리카노디카페인	NNG
아메키라노	NNG
아몬드	NNG
아보카도	NNG
아보카도우유시럽연유	NNG
아아	NNG
아웃텀블러할인	NNG
아웃할인	NNG
아이슈페너	NNG
아이스초코	NNG
아이스콘 요구르트	NNG
아이스콘 초코	NNG
아이스크림 호떡	NNG
아이스티	NNG
아이스티 레몬	NNG
아이스티 복숭아	NNG
아이스팬	NNG
아인슈페너	NNG
아트라떼	NNG
아포가토	NNG
아포가토 오리지널	NNG
아포카도	NNG
아포카토	NNG
애플	NNG
애플그린씨	NNG
애플망고	NNG
애플망고주스	NNG
애플파이	NNG
양송이 수프	NNG
어니언	NNG
어니언 베이글	NNG
얼그레이	NNG
얼그레이 쇼콜라 마카롱	NNG
얼그레이티	NNG
얼그레이향	NNG
에그	NNG
에그 베이컨 과카몰리 샌드위치	NNG
에그햄머핀	NNG
에스케이	NNG
에스프레소	NNG
에스프레소 마끼아또	NNG
에스프레소 콘파냐	NNG
에스프레소물	NNG
에스프레소물샷	NNG
에스프레소샷몇	NNG
에스프레소샷원액아메리카노물음료	NNG
에스프레소아메리카노	NNG
에스프레소원액에스프레소	NNG
에스프레소커피원액아메리카노원액물음료	NNG
에스프레소콘파냐	NNG
에이드	NNG
에티오피아	NNG
엘리베이터	NNG
엘지	NNG
엘지페이	NNG
연유	NNG
연유 카페라떼	NNG
연유 콜드브루	NNG
연유라떼	NNG
연유라테	NNG
연유커피	NNG
영귤차	NNG
예가체프	NNG
오렌지	NNG
오리지날	NNG
오리지널	NNG
오리진 쉐이크	NNG
오미자	NNG
오미자차	NNG
오븐	NNG
오케이캐쉬백	NNG
오케이캐시백	NNG
오트밀	NNG
옥수수빵	NNG
와이파이	NNG
와인에이드	NNG
와플	NNG
요거트	NNG
원조커피	NNG
유자 피나콜라다	NNG
유자레몬티	NNG
유자레몬티오렌지	NNG
유자에이드	NNG
유자피나콜라다	NNG
유플러스	NNG
이곡 라떼	NNG
이너츠	NNG
이디야	NNG
이디야 감귤&한라봉 주스	NNG
이디야 단백질바(초코쿠키)	NNG
이디야 사과&당근 주스	NNG
이디야 사과주스	NNG
이디야 워터	NNG
이디야 청포도&케일 주스	NNG
이디야 콤부차 복숭아망고	NNG
이디야 콤부차 청포도레몬	NNG
이디야 티라미수	NNG
이천햅쌀라떼	NNG
잉글리쉬 머핀	NNG
자몽 네이블 오렌지	NNG
자몽 에이드	NNG
자몽 플랫치노	NNG
자몽네이블오렌지	NNG
자몽에이드	NNG
자몽주스	NNG
자몽차	NNG
자몽청	NNG
자몽티	NNG
자바	NNG
자바칩	NNG
자바칩 프라프치노	NNG
자스민	NNG
자스민차	NNG
재스민	NNG
쟈스민	NNG
저지방	NNG
적립쿠폰	NNG
적립핸드폰	NNG
제주청귤 블러썸	NNG
제주청귤 오리지널	NNG
젤라또	NNG
조각케이크	NNG
주스망고	NNG
주스오렌지자몽	NNG
주차권	NNG
주차장타워상가	NNG
주차증	NNG
주차확인쿠폰	NNG
지역아메리카노	NNG
지점쿠폰/교환권	NNG
지하주차장	NNG
진저라떼	NNG
진저라떼꿀설탕	NNG
진저라떼생강청	NNG
진저러떼	NNG
진저에이드	NNG
진짜딸기우유	NNG
차국화차	NNG
차이티	NNG
차종류	NNG
청포도	NNG
청포도 에이드	NNG
체인점	NNG
체크카드	NNG
초코	NNG
초코 티라미수	NNG
초코라떼	NNG
초코라테	NNG
초코렛청크 쿠키	NNG
초코머핀	NNG
초코무스	NNG
초코스무디	NNG
초코시럽	NNG
초코음료	NNG
초코칩	NNG
초코칩 머핀	NNG
초코케이크	NNG
초코쿠키 쉐이크	NNG
초코프레첼 미니	NNG
초콜렛	NNG
초콜릿	NNG
초콜릿 디핑	NNG
초콜릿 마카롱	NNG
초콜릿 브라우니	NNG
초콜릿 칩 플랫치노	NNG
초콜릿칩	NNG
초콜릿티	NNG
쵸코	NNG
쵸코음료	NNG
추가금	NNG
추가비	NNG
추가요금	NNG
츄러스	NNG
치즈	NNG
치즈가루	NNG
치즈베이글	NNG
치즈빵	NNG
치즈케이크	NNG
치즈케이크라떼	NNG
치즈폼	NNG
카드적립	NNG
카드할인	NNG
카드현금	NNG
카라멜	NNG
카라멜 마끼아또	NNG
카라멜 플랫치노	NNG
카라멜라떼	NNG
카라멜마끼야또	NNG
카모마일	NNG
카스텔라	NNG
카운터	NNG
카카오 페이	NNG
카카오페이	NNG
카파멜마끼아또스윗앤솔티	NNG
카페	NNG
카페 라떼	NNG
카페 모카	NNG
카페 아메리카노	NNG
카페라떼	NNG
카페라테	NNG
카페모카	NNG
카페인	NNG
카페인커피	NNG
카푸치노	NNG
카푸치노카페	NNG
칵테일	NNG
캐러맬	NNG
캐러멜	NNG
캐러멜마키아토	NNG
캐리어	NNG
캐머마일	NNG
캐모마일	NNG
캬라멜	NNG
커스터드	NNG
커피 플랫치노	NNG
커피과테말라	NNG
커피다방	NNG
커피디저트류	NNG
커피디카페인	NNG
커피류	NNG
커피원두	NNG
커피유자티레몬티	NNG
커피음료	NNG
커피종류	NNG
커피주문	NNG
커피질소커피	NNG
커피차	NNG
커피케냐	NNG
커피콘	NNG
커피콩알	NNG
커피허니	NNG
컵케이크	NNG
케냐	NNG
케냐AA	NNG
케모마일	NNG
케이크	NNG
코코아	NNG
콘 수프	NNG
콘센트	NNG
콘파냐	NNG
콘파냐휘핑크림	NNG
콜드브루	NNG
콜드브루 니트로	NNG
콜드브루 라떼	NNG
콜드브루 아메리카노	NNG
콜드브루 크림넛	NNG
콜드브루 화이트 비엔나	NNG
콜드브루더치	NNG
콜드브루디카페인	NNG
콜드브루아메리카노	NNG
콜드브루원액우유	NNG
콜드폼	NNG
콜롬비아	NNG
콜롬비아산	NNG
콤파냐	NNG
콩빵	NNG
콰테말라	NNG
쿠앤크	NNG
쿠앤크마카롱	NNG
쿠키	NNG
쿠키 앤 크림 마카롱	NNG
쿠키슈	NNG
쿠키앤크림	NNG
쿠키치즈	NNG
쿠키프라페	NNG
쿠폰가격	NNG
쿠폰메뉴	NNG
쿠폰메뉴가격	NNG
큐브라떼	NNG
크래커	NNG
크랜베리	NNG
크레이프	NNG
크로와상	NNG
크로크 무슈	NNG
크로크무슈	NNG
크루아상	NNG
크리미초코 감자쿠키	NNG
크리미치즈 그레인쿠키	NNG
크림	NNG
크림샷 라떼	NNG
크림슈	NNG
크림치즈	NNG
크림치즈 머핀	NNG
크림치즈 와플	NNG
크림치즈케이크	NNG
크림티	NNG
클래식 미니 스콘	NNG
클럽샌드위치	NNG
키오스크	NNG
키위스무디	NNG
키프티콘	NNG
타르트딸기생딸기	NNG
탄산수	NNG
텀블러	NNG
텀블러음료	NNG
텀블러할인	NNG
테이크아웃	NNG
테이크아웃잔	NNG
테이크아웃잔할인	NNG
테이크아웃컵	NNG
테이크 아웃	NNG
토마토주스	NNG
토피넛	NNG
토피넛 꽈루아상	NNG
토피넛 라떼	NNG
토피넛 크로플	NNG
토피넛 플랫치노	NNG
토피넛라떼	NNG
토피넛라테	NNG
통신사적립	NNG
튜너	NNG
티	NNG
티라미수	NNG
티라미슈	NNG
티레몬에이드	NNG
티머니	NNG
티멤버십	NNG
티바나	NNG
티백	NNG
티슈	NNG
티음료	NNG
파야냐	NNG
파우더	NNG
파우더카라멜	NNG
파이	NNG
파인애플주스	NNG
판매대	NNG
팥빙수	NNG
팥빵	NNG
팥앤크림 샌드위치	NNG
팥인절미 1인빙수	NNG
팥인절미 눈꽃빙	NNG
팬케이크	NNG
페루산	NNG
페스트리	NNG
페이	NNG
페퍼로니 피자 샌드위치	NNG
페퍼민트	NNG
평일날	NNG
포인트	NNG
포인트카드	NNG
퓨레	NNG
퓨어페퍼민트	NNG
프라페	NNG
프라페얼마	NNG
프라푸치노	NNG
프레시그린티	NNG
프레즐	NNG
프리쿠폰	NNG
플랫치노	NNG
플랫화이트	NNG
플레인	NNG
플레인 꽈루아상	NNG
플레인 베이글	NNG
플레인 와플	NNG
플레인 요거트 플랫치노	NNG
플레인 치즈 스틱케익	NNG
플레인 크로플	NNG
플레인스무디	NNG
피넛버터앤딸기잼 샌드위치	NNG
피스타치오차가운음료	NNG
피지와	NNG
피치얼그레이	NNG
픽업	NNG
픽업대	NNG
하나카드	NNG
한종류	NNG
할인율	NNG
할인카드	NNG
할인카드도장쿠폰	NNG
할인쿠폰	NNG
핫 치즈 번	NNG
핫도그	NNG
핫초코	NNG
핫치킨 브리또	NNG
해피머니	NNG
해피포인트	NNG
해피포인트적립	NNG
핸드드립	NNG
핸드드립커피	NNG
핸드폰	NNG
핸드폰번호	NNG
핸드폰충전	NNG
햄	NNG
햄앤치즈샌드위치	NNG
햄치즈	NNG
허니	NNG
허니 고르곤졸라 스퀘어 피자	NNG
허니 카라멜 브레드	NNG
허니버터볼	NNG
허니브레드	NNG
허브	NNG
허브차	NNG
허브티	NNG
헤이즐넛	NNG
헤이즐넛라떼	NNG
헤이즐넛시럽	NNG
현금영수증	NNG
현대엠포인트	NNG
현대M	NNG
형광커피	NNG
홀더	NNG
홈페이지	NNG
홍시주스	NNG
홍차라떼	NNG
화이트 초콜릿	NNG
화이트 초콜릿 모카	NNG
화이트모카	NNG
화이트초코	NNG
화이트초코 마카다미아 쿠키	NNG
화이트초코머핀	NNG
화이트초콜릿	NNG
화장실중앙통로	NNG
환경정책	NNG
휘핑	NNG
휘핑크림	NNG
휘핑크림크림	NNG
휴대번호	NNG
흑당 라떼	NNG
흑당 콜드브루	NNG
흡연장소	NNG
히비스커스	NNG
히비스커스네	NNG
CJ	NNG
CJ카드	NNG
CJ카드적립	NNG
CJ포인트	NNG
HOT	NNG
IPTIME	NNG
KT	NNG
kt	NNG
L포인트	NNG
LG유플러스	NNG
LG카드	NNG
one	NNG
ONE	NNG
SK	NNG
SK포인트	NNG
SKT브로드밴드	NNG
skt할인	NNG
T멤버쉽	NNG
VIP	NNG
VIP고객	NNG
음료	NNG
커피	NNG
식사	NNG
에이드	NNG
빵	NNG
10분	NNG
10시	NNG
11분	NNG
11시	NNG
12분	NNG
12시	NNG
13분	NNG
13시	NNG
14분	NNG
14시	NNG
15분	NNG
15시	NNG
16분	NNG
16시	NNG
17분	NNG
17시	NNG
18분	NNG
18시	NNG
19분	NNG
19시	NNG
1분	NNG
1시	NNG
20분	NNG
20시	NNG
21분	NNG
21시	NNG
22분	NNG
22시	NNG
23분	NNG
23시	NNG
24분	NNG
24시	NNG
25분	NNG
26분	NNG
27분	NNG
28분	NNG
29분	NNG
2분	NNG
2시	NNG
30분	NNG
31분	NNG
32분	NNG
33분	NNG
34분	NNG
35분	NNG
36분	NNG
37분	NNG
38분	NNG
39분	NNG
3분	NNG
3시	NNG
40분	NNG
41분	NNG
42분	NNG
43분	NNG
44분	NNG
45분	NNG
46분	NNG
47분	NNG
48분	NNG
49분	NNG
4분	NNG
4시	NNG
50분	NNG
51분	NNG
52분	NNG
53분	NNG
54분	NNG
55분	NNG
56분	NNG
57분	NNG
58분	NNG
59분	NNG
5분	NNG
5시	NNG
60분	NNG
6분	NNG
6시	NNG
7분	NNG
7시	NNG
8분	NNG
8시	NNG
9분	NNG
9시	NNG
금요일	NNG
내일	NNG
내일모레	NNG
마감	NNG
몇 시	NNG
몇시	NNG
모레	NNG
목요일	NNG
밤	NNG
새벽	NNG
수요일	NNG
시간	NNG
아침	NNG
야간	NNG
영업시간	NNG
오픈	NNG
오픈 시간	NNG
오픈 타임	NNG
오픈시간	NNG
오픈타임	NNG
월요일	NNG
일요일	NNG
저녁	NNG
점심	NNG
주말	NNG
주중	NNG
토요일	NNG
평일	NNG
화요일	NNG
원두	NNG
결제방식	NNG
결제	NNG
계좌이체	NNG
사원증	NNG
적립	NNG
무선 인터넷	NNG
비밀번호	NNG
보틀	NNG
